number	theme	buckets
1	Two ways of living; delight in Torah	learning,wisdom,justice
2	Kingship and the nations	community,justice
3	Trust amid enemies	protection,wellness
4	Distress, trust, and resting in safety	wellness,sleep
5	A morning appeal for guidance and justice	wisdom,protection
6	Weakness, tears, and a plea for healing	health,wellness
7	An appeal for just judgment	justice,protection
8	Creation and human dignity	nature,gratitude
9	Thanksgiving and justice for the oppressed	gratitude,justice
10	A plea for those threatened by the wicked	justice,protection
11	Trust when foundations are shaken	wellness,protection
12	Truthfulness in a deceitful world	justice,relationships
13	How long? Sorrow moving toward trust	wellness,hope
14	Corruption and longing for restoration	justice,community
15	Integrity and worthy conduct	wisdom,relationships
16	Refuge, guidance, and joy	protection,wellness
17	An appeal for protection and vindication	protection,justice
18	Thanksgiving for rescue	gratitude,protection
19	Creation, Torah, and acceptable words	nature,learning,repentance
20	Help in a day of trouble	protection,hope
21	Gratitude for a ruler's deliverance	gratitude,community
22	Abandonment, suffering, and eventual praise	wellness,hope
23	The shepherd, provision, and comfort	wellness,provision,grief
24	The earth, purity, and the King of glory	nature,repentance
25	Guidance, forgiveness, and protection	wisdom,repentance
26	Integrity and love of God's house	wisdom,justice
27	Courage, seeking God, and waiting with hope	wellness,hope
28	A plea for help and blessing for the people	protection,community
29	Divine power in the storm and peace	nature,peace
30	Healing, rescue, and mourning turned to joy	health,gratitude
31	Refuge amid distress and betrayal	protection,wellness
32	Confession, forgiveness, and instruction	repentance,wisdom
33	Creation, trust, and communal praise	gratitude,community
34	Rescue, ethical speech, and care for the brokenhearted	wellness,relationships,gratitude
35	Help against unjust opponents	justice,protection
36	Human wrongdoing and divine lovingkindness	justice,hope
37	Patience, upright conduct, and provision	provision,opportunity,wisdom
38	Affliction, guilt, and a plea for help	health,repentance
39	Human frailty and the brevity of life	grief,wellness
40	Rescue, willingness, and renewed need	gratitude,hope
41	Care for the vulnerable and sickness	health,caregiving
42	Longing, tears, and hope	wellness,hope
43	Light, truth, and renewed hope	wisdom,hope
44	Communal suffering and an appeal for aid	community,grief
45	A royal wedding song	relationships,life-cycle
46	Refuge amid upheaval	protection,peace
47	Universal praise and kingship	gratitude,community
48	Zion and communal memory	community,jerusalem
49	Wealth, mortality, and perspective	provision,wisdom
50	Sincere worship, thanksgiving, and moral responsibility	gratitude,repentance
51	Confession and a clean heart	repentance,wellness
52	Destructive speech and trust	relationships,justice
53	Corruption and longing for deliverance	justice,community
54	An appeal for rescue	protection,hope
55	Betrayal, anguish, and casting one's burden on God	wellness,relationships
56	Fear, tears, and trust	wellness,protection
57	Refuge and steadfast praise	protection,gratitude
58	Condemnation of unjust judgment	justice
59	Protection from violent enemies	protection,justice
60	Communal defeat and renewed hope	community,hope
61	Refuge and an enduring shelter	protection,wellness
62	Quiet trust and the limits of wealth	wellness,provision
63	Longing for God and nighttime remembrance	devotion,sleep
64	Protection from harmful speech	protection,relationships
65	Forgiveness, rain, and the earth's abundance	repentance,nature,provision
66	Collective and personal thanksgiving	gratitude,community
67	Blessing, harvest, and the nations	provision,community
68	Protection of the vulnerable and collective praise	justice,community
69	Deep distress and an appeal for rescue	wellness,protection
70	An urgent request for help	protection,hope
71	Trust and dignity in old age	aging,wellness
72	Just leadership and care for the poor	justice,community,provision
73	Envy, prosperity, and regained perspective	provision,wisdom
74	Communal devastation and remembrance	grief,community
75	Gratitude and just judgment	gratitude,justice
76	Awe, judgment, and the ending of warfare	peace,justice
77	Sleepless distress and recalling deliverance	sleep,wellness
78	Teaching history to the next generation	learning,children,community
79	Destruction, mourning, and appeal for mercy	grief,community
80	Restore us; the image of a devastated vine	community,hope
81	Festival praise, listening, and provision	festivals,provision
82	Judgment and defense of the powerless	justice,caregiving
83	An appeal amid collective danger	protection,community
84	Longing for God's dwelling	devotion,hope
85	Restoration, mercy, truth, and peace	peace,repentance
86	Mercy, guidance, and help in distress	wellness,wisdom
87	Zion and belonging	jerusalem,community
88	Unrelieved darkness and isolation	wellness,grief
89	Covenant, praise, and disappointment	community,hope
90	Mortality, wisdom, and the work of our hands	opportunity,wisdom,aging
91	Shelter and protection	protection,wellness
92	A Sabbath song of thanksgiving	shabbat,gratitude
93	Majesty and stability amid mighty waters	protection,devotion
94	Justice and comfort amid anxious thoughts	justice,wellness
95	Praise, worship, and listening	devotion,gratitude
96	A new song and creation's rejoicing	nature,gratitude
97	Divine rule, justice, and joy	justice,gratitude
98	A new song of deliverance	gratitude,community
99	Holiness and just kingship	justice,devotion
100	A song of thanksgiving	gratitude
101	Integrity in leadership and one's household	wisdom,relationships
102	The prayer of one overwhelmed by affliction	health,wellness,grief
103	Compassion, forgiveness, and healing	health,repentance,gratitude
104	Creation, living things, and sustenance	nature,provision
105	Remembering the covenant and history	community,gratitude
106	Collective confession and mercy	repentance,community
107	Thanksgiving after distress and rescue	gratitude,travel,health
108	Praise and communal hope	gratitude,community
109	Accusation and a plea for vindication	justice,protection
110	Kingship and victory	community
111	Praise for divine works and wisdom	gratitude,wisdom
112	Generosity, integrity, and steadiness	provision,justice
113	Praise and the lifting of the lowly	gratitude,justice,family
114	The Exodus and transformed nature	community,nature
115	Trust and blessing for the community	community,hope
116	Deliverance, gratitude, and vows	gratitude,health
117	Universal praise	gratitude
118	Thanksgiving, rescue, and rejoicing	gratitude,hope
119	Torah, longing, affliction, and guidance	learning,wisdom,hope
120	Distress over deception and conflict	relationships,peace
121	Help and guarding on the way	travel,protection
122	Jerusalem, pilgrimage, and peace	jerusalem,peace
123	Mercy in the face of contempt	wellness,justice
124	Collective rescue	protection,gratitude
125	Steadfast trust and peace for Israel	protection,peace
126	Restoration, tears, and joy	hope,gratitude
127	Building, labor, rest, and children	opportunity,family,sleep
128	Work, household blessing, and peace	provision,family,relationships
129	Endurance through oppression	justice,hope
130	Calling from the depths and awaiting redemption	repentance,hope
131	A quieted soul	wellness
132	Covenant, Zion, and a resting place	jerusalem,community
133	The goodness of people dwelling together	relationships,peace
134	Blessing in the night	devotion,sleep
135	Praise and communal memory	gratitude,community
136	Enduring lovingkindness	gratitude,provision
137	Exile, grief, and a severe appeal for retribution	grief,community
138	Thanksgiving and courage	gratitude,hope
139	Being known, creation, and self-examination	wellness,nature,repentance
140	Protection from violence and harmful plans	protection,justice
141	Guarding speech and conduct	relationships,repentance
142	Loneliness and an appeal for refuge	wellness,protection
143	Mercy, direction, and renewal	wisdom,wellness
144	Rescue, fruitful households, and communal well-being	family,provision,peace
145	Praise, compassion, and sustenance	gratitude,provision
146	Care for the vulnerable and enduring trust	justice,caregiving
147	Healing the brokenhearted and sustaining creation	wellness,nature,community
148	All creation called to praise	nature,gratitude
149	Communal rejoicing and judgment	community,justice
150	Praise with instruments and every breath	gratitude,devotion
